<?xml version="1.0" encoding="UTF-8"?>
<mxfile host="app.diagrams.net" modified="2022-01-12T19:38:37.314Z" agent="5.0 (X11; Linux x86_64) AppleWebKit/537.36 (KHTML, like Gecko) Chrome/97.0.4692.71 Safari/537.36" etag="qmb0aAd3_oSQQ6_QbaPF" version="16.2.6">
  <diagram id="jSB1Kuk-YEk62oIDVcD7" name="Page-1">
    <mxGraphModel dx="1422" dy="780" grid="1" gridSize="10" guides="1" tooltips="1" connect="1" arrows="1" fold="1" page="1" pageScale="1" pageWidth="850" pageHeight="1100" math="0" shadow="0">
      <root>
        <mxCell id="0" />
        <mxCell id="1" parent="0" />
        <mxCell id="1yVwIp091v1cT3XYUts4-1" value="Browser" style="rounded=0;whiteSpace=wrap;html=1;" vertex="1" parent="1">
          <mxGeometry x="30" y="40" width="120" height="60" as="geometry" />
        </mxCell>
        <mxCell id="1yVwIp091v1cT3XYUts4-2" value="Server" style="rounded=0;whiteSpace=wrap;html=1;" vertex="1" parent="1">
          <mxGeometry x="460" y="40" width="120" height="60" as="geometry" />
        </mxCell>
        <mxCell id="1yVwIp091v1cT3XYUts4-3" value="" style="endArrow=none;dashed=1;html=1;dashPattern=1 3;strokeWidth=2;rounded=0;entryX=0.5;entryY=1;entryDx=0;entryDy=0;" edge="1" parent="1" target="1yVwIp091v1cT3XYUts4-1">
          <mxGeometry width="50" height="50" relative="1" as="geometry">
            <mxPoint x="90" y="600" as="sourcePoint" />
            <mxPoint x="370" y="350" as="targetPoint" />
          </mxGeometry>
        </mxCell>
        <mxCell id="1yVwIp091v1cT3XYUts4-4" value="" style="endArrow=none;dashed=1;html=1;dashPattern=1 3;strokeWidth=2;rounded=0;entryX=0.5;entryY=1;entryDx=0;entryDy=0;" edge="1" parent="1" target="1yVwIp091v1cT3XYUts4-2">
          <mxGeometry width="50" height="50" relative="1" as="geometry">
            <mxPoint x="520" y="600" as="sourcePoint" />
            <mxPoint x="370" y="350" as="targetPoint" />
          </mxGeometry>
        </mxCell>
        <mxCell id="1yVwIp091v1cT3XYUts4-5" value="" style="endArrow=classic;html=1;rounded=0;" edge="1" parent="1">
          <mxGeometry width="50" height="50" relative="1" as="geometry">
            <mxPoint x="90" y="140" as="sourcePoint" />
            <mxPoint x="520" y="140" as="targetPoint" />
          </mxGeometry>
        </mxCell>
        <mxCell id="1yVwIp091v1cT3XYUts4-6" value="GET&amp;nbsp;https://fullstack-exampleapp.herokuapp.com/notes" style="edgeLabel;html=1;align=center;verticalAlign=middle;resizable=0;points=[];" vertex="1" connectable="0" parent="1yVwIp091v1cT3XYUts4-5">
          <mxGeometry x="0.1581" y="-1" relative="1" as="geometry">
            <mxPoint x="-29" y="-11" as="offset" />
          </mxGeometry>
        </mxCell>
        <mxCell id="1yVwIp091v1cT3XYUts4-7" value="" style="endArrow=classic;html=1;rounded=0;" edge="1" parent="1">
          <mxGeometry width="50" height="50" relative="1" as="geometry">
            <mxPoint x="520" y="200" as="sourcePoint" />
            <mxPoint x="90" y="200" as="targetPoint" />
          </mxGeometry>
        </mxCell>
        <mxCell id="1yVwIp091v1cT3XYUts4-9" value="status 200,&amp;nbsp;https://fullstack-exampleapp.herokuapp.com/notes" style="edgeLabel;html=1;align=center;verticalAlign=middle;resizable=0;points=[];" vertex="1" connectable="0" parent="1yVwIp091v1cT3XYUts4-7">
          <mxGeometry x="0.0698" y="1" relative="1" as="geometry">
            <mxPoint x="10" y="-11" as="offset" />
          </mxGeometry>
        </mxCell>
        <mxCell id="1yVwIp091v1cT3XYUts4-10" value="" style="endArrow=classic;html=1;rounded=0;" edge="1" parent="1">
          <mxGeometry width="50" height="50" relative="1" as="geometry">
            <mxPoint x="90" y="260" as="sourcePoint" />
            <mxPoint x="520" y="260" as="targetPoint" />
          </mxGeometry>
        </mxCell>
        <mxCell id="1yVwIp091v1cT3XYUts4-11" value="notes : GET&amp;nbsp;https://fullstack-exampleapp.herokuapp.com/main.css" style="edgeLabel;html=1;align=center;verticalAlign=middle;resizable=0;points=[];" vertex="1" connectable="0" parent="1yVwIp091v1cT3XYUts4-10">
          <mxGeometry x="0.2047" y="-2" relative="1" as="geometry">
            <mxPoint x="-39" y="-12" as="offset" />
          </mxGeometry>
        </mxCell>
        <mxCell id="1yVwIp091v1cT3XYUts4-12" value="" style="endArrow=classic;html=1;rounded=0;" edge="1" parent="1">
          <mxGeometry width="50" height="50" relative="1" as="geometry">
            <mxPoint x="520" y="320" as="sourcePoint" />
            <mxPoint x="90" y="320" as="targetPoint" />
          </mxGeometry>
        </mxCell>
        <mxCell id="1yVwIp091v1cT3XYUts4-13" value="status 200,&amp;nbsp;https://fullstack-exampleapp.herokuapp.com/main.css" style="edgeLabel;html=1;align=center;verticalAlign=middle;resizable=0;points=[];" vertex="1" connectable="0" parent="1yVwIp091v1cT3XYUts4-12">
          <mxGeometry x="0.0698" y="1" relative="1" as="geometry">
            <mxPoint x="10" y="-11" as="offset" />
          </mxGeometry>
        </mxCell>
        <mxCell id="1yVwIp091v1cT3XYUts4-14" value="" style="endArrow=classic;html=1;rounded=0;" edge="1" parent="1">
          <mxGeometry width="50" height="50" relative="1" as="geometry">
            <mxPoint x="90" y="370" as="sourcePoint" />
            <mxPoint x="520" y="370" as="targetPoint" />
          </mxGeometry>
        </mxCell>
        <mxCell id="1yVwIp091v1cT3XYUts4-15" value="notes : GET&amp;nbsp;https://fullstack-exampleapp.herokuapp.com/main.js" style="edgeLabel;html=1;align=center;verticalAlign=middle;resizable=0;points=[];" vertex="1" connectable="0" parent="1yVwIp091v1cT3XYUts4-14">
          <mxGeometry x="0.2047" y="-2" relative="1" as="geometry">
            <mxPoint x="-39" y="-12" as="offset" />
          </mxGeometry>
        </mxCell>
        <mxCell id="1yVwIp091v1cT3XYUts4-16" value="" style="endArrow=classic;html=1;rounded=0;" edge="1" parent="1">
          <mxGeometry width="50" height="50" relative="1" as="geometry">
            <mxPoint x="520" y="430" as="sourcePoint" />
            <mxPoint x="90" y="430" as="targetPoint" />
          </mxGeometry>
        </mxCell>
        <mxCell id="1yVwIp091v1cT3XYUts4-17" value="status 200,&amp;nbsp;https://fullstack-exampleapp.herokuapp.com/main.js" style="edgeLabel;html=1;align=center;verticalAlign=middle;resizable=0;points=[];" vertex="1" connectable="0" parent="1yVwIp091v1cT3XYUts4-16">
          <mxGeometry x="0.0698" y="1" relative="1" as="geometry">
            <mxPoint x="10" y="-11" as="offset" />
          </mxGeometry>
        </mxCell>
        <mxCell id="1yVwIp091v1cT3XYUts4-20" value="" style="endArrow=classic;html=1;rounded=0;" edge="1" parent="1">
          <mxGeometry width="50" height="50" relative="1" as="geometry">
            <mxPoint x="90" y="490" as="sourcePoint" />
            <mxPoint x="520" y="490" as="targetPoint" />
          </mxGeometry>
        </mxCell>
        <mxCell id="1yVwIp091v1cT3XYUts4-21" value="main.js : GET&amp;nbsp;https://fullstack-exampleapp.herokuapp.com/data.json&amp;nbsp;" style="edgeLabel;html=1;align=center;verticalAlign=middle;resizable=0;points=[];" vertex="1" connectable="0" parent="1yVwIp091v1cT3XYUts4-20">
          <mxGeometry x="-0.1907" relative="1" as="geometry">
            <mxPoint x="36" y="-10" as="offset" />
          </mxGeometry>
        </mxCell>
        <mxCell id="1yVwIp091v1cT3XYUts4-22" value="" style="endArrow=classic;html=1;rounded=0;" edge="1" parent="1">
          <mxGeometry width="50" height="50" relative="1" as="geometry">
            <mxPoint x="520" y="549" as="sourcePoint" />
            <mxPoint x="90" y="549" as="targetPoint" />
          </mxGeometry>
        </mxCell>
        <mxCell id="1yVwIp091v1cT3XYUts4-23" value="status 200,&amp;nbsp;https://fullstack-exampleapp.herokuapp.com/data.json" style="edgeLabel;html=1;align=center;verticalAlign=middle;resizable=0;points=[];" vertex="1" connectable="0" parent="1yVwIp091v1cT3XYUts4-22">
          <mxGeometry x="0.0698" y="1" relative="1" as="geometry">
            <mxPoint x="10" y="-11" as="offset" />
          </mxGeometry>
        </mxCell>
        <mxCell id="1yVwIp091v1cT3XYUts4-24" value="main.js odottaa, että readyState on DONE&amp;nbsp;ja tarkistaa, että vastaus oli 200.&lt;br&gt;&amp;nbsp;Sitten luo ul elementin ja muuttaa data.json tiedoston li elementeiksi ja liittää ne ul elementtiin.&lt;br&gt;Lopuksi liittää ul elementin dokumenttiin." style="text;html=1;align=center;verticalAlign=middle;resizable=0;points=[];autosize=1;strokeColor=none;fillColor=none;" vertex="1" parent="1">
          <mxGeometry x="30" y="620" width="520" height="50" as="geometry" />
        </mxCell>
      </root>
    </mxGraphModel>
  </diagram>
</mxfile>
