<?xml version="1.0" encoding="UTF-8"?>
<mxfile host="app.diagrams.net" modified="2022-01-12T21:47:07.008Z" agent="5.0 (X11; Linux x86_64) AppleWebKit/537.36 (KHTML, like Gecko) Chrome/97.0.4692.71 Safari/537.36" etag="1EHRE8A3J_f-O1-YK-HX" version="16.2.6">
  <diagram id="jSB1Kuk-YEk62oIDVcD7" name="Page-1">
    <mxGraphModel dx="1422" dy="780" grid="1" gridSize="10" guides="1" tooltips="1" connect="1" arrows="1" fold="1" page="1" pageScale="1" pageWidth="850" pageHeight="1100" math="0" shadow="0">
      <root>
        <mxCell id="0" />
        <mxCell id="1" parent="0" />
        <mxCell id="1yVwIp091v1cT3XYUts4-54" style="edgeStyle=orthogonalEdgeStyle;rounded=0;orthogonalLoop=1;jettySize=auto;html=1;exitX=1;exitY=0.5;exitDx=0;exitDy=0;entryX=0;entryY=0.5;entryDx=0;entryDy=0;" edge="1" parent="1" source="1yVwIp091v1cT3XYUts4-52" target="1yVwIp091v1cT3XYUts4-53">
          <mxGeometry relative="1" as="geometry" />
        </mxCell>
        <mxCell id="1yVwIp091v1cT3XYUts4-52" value="Create new note" style="rounded=1;whiteSpace=wrap;html=1;" vertex="1" parent="1">
          <mxGeometry x="130" y="250" width="120" height="60" as="geometry" />
        </mxCell>
        <mxCell id="1yVwIp091v1cT3XYUts4-63" style="edgeStyle=orthogonalEdgeStyle;rounded=0;orthogonalLoop=1;jettySize=auto;html=1;exitX=1;exitY=0.5;exitDx=0;exitDy=0;entryX=0;entryY=0.5;entryDx=0;entryDy=0;" edge="1" parent="1" source="1yVwIp091v1cT3XYUts4-53" target="1yVwIp091v1cT3XYUts4-61">
          <mxGeometry relative="1" as="geometry" />
        </mxCell>
        <mxCell id="1yVwIp091v1cT3XYUts4-53" value="Add note to notes array" style="rounded=1;whiteSpace=wrap;html=1;" vertex="1" parent="1">
          <mxGeometry x="290" y="250" width="120" height="60" as="geometry" />
        </mxCell>
        <mxCell id="1yVwIp091v1cT3XYUts4-69" style="edgeStyle=orthogonalEdgeStyle;rounded=0;orthogonalLoop=1;jettySize=auto;html=1;exitX=1;exitY=0.5;exitDx=0;exitDy=0;entryX=0;entryY=0.5;entryDx=0;entryDy=0;" edge="1" parent="1" source="1yVwIp091v1cT3XYUts4-61" target="1yVwIp091v1cT3XYUts4-62">
          <mxGeometry relative="1" as="geometry" />
        </mxCell>
        <mxCell id="1yVwIp091v1cT3XYUts4-61" value="Redraw note elements" style="rounded=1;whiteSpace=wrap;html=1;" vertex="1" parent="1">
          <mxGeometry x="450" y="250" width="120" height="60" as="geometry" />
        </mxCell>
        <mxCell id="1yVwIp091v1cT3XYUts4-97" style="edgeStyle=orthogonalEdgeStyle;rounded=0;orthogonalLoop=1;jettySize=auto;html=1;exitX=1;exitY=0.5;exitDx=0;exitDy=0;entryX=0;entryY=0.5;entryDx=0;entryDy=0;" edge="1" parent="1" source="1yVwIp091v1cT3XYUts4-62" target="1yVwIp091v1cT3XYUts4-98">
          <mxGeometry relative="1" as="geometry">
            <mxPoint x="800" y="280" as="targetPoint" />
          </mxGeometry>
        </mxCell>
        <mxCell id="1yVwIp091v1cT3XYUts4-62" value="Create&lt;br&gt;XMLHttpRequest" style="rounded=1;whiteSpace=wrap;html=1;" vertex="1" parent="1">
          <mxGeometry x="610" y="250" width="120" height="60" as="geometry" />
        </mxCell>
        <mxCell id="1yVwIp091v1cT3XYUts4-64" value="" style="html=1;shape=mxgraph.flowchart.annotation_2;align=left;labelPosition=right;direction=north;" vertex="1" parent="1">
          <mxGeometry x="350" y="200" width="330" height="40" as="geometry" />
        </mxCell>
        <mxCell id="1yVwIp091v1cT3XYUts4-68" value="&lt;span style=&quot;text-align: left&quot;&gt;Tämä tapahtuu lähes samaan tapaan kuin&amp;nbsp;main.js:ässä&lt;/span&gt;" style="text;html=1;align=center;verticalAlign=middle;resizable=0;points=[];autosize=1;strokeColor=none;fillColor=none;rotation=0;" vertex="1" parent="1">
          <mxGeometry x="360" y="190" width="310" height="20" as="geometry" />
        </mxCell>
        <mxCell id="1yVwIp091v1cT3XYUts4-72" style="edgeStyle=orthogonalEdgeStyle;rounded=0;orthogonalLoop=1;jettySize=auto;html=1;exitX=1;exitY=0.5;exitDx=0;exitDy=0;exitPerimeter=0;entryX=0;entryY=0.5;entryDx=0;entryDy=0;" edge="1" parent="1" source="1yVwIp091v1cT3XYUts4-71" target="1yVwIp091v1cT3XYUts4-52">
          <mxGeometry relative="1" as="geometry" />
        </mxCell>
        <mxCell id="1yVwIp091v1cT3XYUts4-71" value="" style="points=[[0.145,0.145,0],[0.5,0,0],[0.855,0.145,0],[1,0.5,0],[0.855,0.855,0],[0.5,1,0],[0.145,0.855,0],[0,0.5,0]];shape=mxgraph.bpmn.event;html=1;verticalLabelPosition=bottom;labelBackgroundColor=#ffffff;verticalAlign=top;align=center;perimeter=ellipsePerimeter;outlineConnect=0;aspect=fixed;outline=standard;symbol=general;" vertex="1" parent="1">
          <mxGeometry x="40" y="255" width="50" height="50" as="geometry" />
        </mxCell>
        <mxCell id="1yVwIp091v1cT3XYUts4-106" style="edgeStyle=orthogonalEdgeStyle;rounded=0;orthogonalLoop=1;jettySize=auto;html=1;exitX=1;exitY=0.5;exitDx=0;exitDy=0;entryX=0;entryY=0.5;entryDx=0;entryDy=0;entryPerimeter=0;" edge="1" parent="1" source="1yVwIp091v1cT3XYUts4-98" target="1yVwIp091v1cT3XYUts4-111">
          <mxGeometry relative="1" as="geometry">
            <mxPoint x="930" y="280" as="targetPoint" />
          </mxGeometry>
        </mxCell>
        <mxCell id="1yVwIp091v1cT3XYUts4-98" value="Send note to server" style="rounded=1;whiteSpace=wrap;html=1;" vertex="1" parent="1">
          <mxGeometry x="770" y="250" width="120" height="60" as="geometry" />
        </mxCell>
        <mxCell id="1yVwIp091v1cT3XYUts4-101" value="" style="html=1;shape=mxgraph.flowchart.annotation_2;align=left;labelPosition=right;direction=south;" vertex="1" parent="1">
          <mxGeometry x="435" y="320" width="475" height="40" as="geometry" />
        </mxCell>
        <mxCell id="1yVwIp091v1cT3XYUts4-102" value="Mahdollisesti myös printataan konsoliin vastaus kun readyState on 4 ja status on 201" style="text;html=1;align=center;verticalAlign=middle;resizable=0;points=[];autosize=1;strokeColor=none;fillColor=none;" vertex="1" parent="1">
          <mxGeometry x="440" y="350" width="470" height="20" as="geometry" />
        </mxCell>
        <mxCell id="1yVwIp091v1cT3XYUts4-111" value="" style="points=[[0.145,0.145,0],[0.5,0,0],[0.855,0.145,0],[1,0.5,0],[0.855,0.855,0],[0.5,1,0],[0.145,0.855,0],[0,0.5,0]];shape=mxgraph.bpmn.event;html=1;verticalLabelPosition=bottom;labelBackgroundColor=#ffffff;verticalAlign=top;align=center;perimeter=ellipsePerimeter;outlineConnect=0;aspect=fixed;outline=end;symbol=terminate2;" vertex="1" parent="1">
          <mxGeometry x="930" y="255" width="50" height="50" as="geometry" />
        </mxCell>
      </root>
    </mxGraphModel>
  </diagram>
</mxfile>
