{
  "persons": [
    {
      "name": "Arto Hellas",
      "number": "040-123456",
      "id": 1
    },
    {
      "name": "Martti Tienari",
      "number": "040-123456",
      "id": 2
    },
    {
      "name": "Arto Järvinen",
      "number": "040-123456",
      "id": 3
    },
    {
      "name": "Lea Kutvonen",
      "number": "040-123456",
      "id": 4
    },
    {
      "name": "moi",
      "number": "moi",
      "id": 5
    },
    {
      "name": "moi1",
      "number": "moi2",
      "id": 6
    },
    {
      "name": "joo",
      "number": "joo",
      "id": 7
    },
    {
      "name": "mooo",
      "number": "moo",
      "id": 8
    },
    {
      "name": "jou",
      "number": "jou",
      "id": 9
    },
    {
      "name": "asda",
      "number": "sdaas",
      "id": 10
    }
  ]
}