{
  "persons": [
    {
      "name": "Arto Hellas",
      "number": "040-123456",
      "id": 1
    },
    {
      "name": "Martti Tienari",
      "number": "040-123456",
      "id": 2
    },
    {
      "name": "Arto Järvinen",
      "number": "040-123456",
      "id": 3
    },
    {
      "name": "Lea Kutvonen",
      "number": "040-123456",
      "id": 4
    },
    {
      "name": "Aer",
      "number": "51",
      "id": 5
    },
    {
      "name": "kok",
      "number": "54",
      "id": 6
    }
  ],
  "scripts": {
    "start": "react-scripts start",
    "build": "react-scripts build",
    "test": "react-scripts test --env=jsdom",
    "eject": "react-scripts eject",
    "server": "json-server -p3001 db.json"
  }
}