{
  "persons": [
    {
      "name": "Arto Järvinen",
      "number": "040-123456",
      "id": 3
    },
    {
      "name": "Lea Kutvonen",
      "number": "040-123456",
      "id": 4
    },
    {
      "name": "Matti Muttinen",
      "number": "040-1234567",
      "id": 5
    },
    {
      "name": "Mervi Muttinen",
      "number": "050-1234567",
      "id": 6
    },
    {
      "name": "Veli-Matti Uski",
      "number": "040-3747373",
      "id": 7
    },
    {
      "name": "Elli erikoinen",
      "number": "060918095",
      "id": 8
    }
  ]
}