{
  "persons": [
    {
      "name": "Arto Hellas",
      "number": "040-123456",
      "id": 1
    },
    {
      "name": "Martti Tienari",
      "number": "040-123456",
      "id": 2
    },
    {
      "name": "Arto Järvinen",
      "number": "040-123456",
      "id": 3
    },
    {
      "name": "Lea Kutvonen",
      "number": "040-123456",
      "id": 4
    },
    {
      "name": "Karri Koira",
      "number": "112",
      "id": 5
    },
    {
      "name": "Harri Koira",
      "number": "113",
      "id": 6
    }
  ]
}