{
  "persons": [
    {
      "name": "Arto Hellas",
      "number": "040-123456",
      "id": 1
    },
    {
      "name": "Martti Tienari",
      "number": "040-123456",
      "id": 2
    },
    {
      "name": "Arto Järvinen",
      "number": "040-123456",
      "id": 3
    },
    {
      "name": "Lea Kutvonen",
      "number": "040-123456",
      "id": 4
    },
    {
      "name": "Pekka",
      "number": "040-123422",
      "id": 5
    },
    {
      "name": "Jarkko",
      "number": "543-43234",
      "id": 7
    }
  ]
}